,Título,Valor,Metro_Quadrado,Quartos,Banheiros,Vagas_Garagem
0,"Casa para Venda em Natal, Ponta Negra, 3 dormitórios, 1 suíte, 2 banheiros, 2 vagas",R$ 379.000,300,3,2,2
1,Casa à venda em Natal - Bairro Candelária,R$ 1.400.000,524,+5,+5,+5
2,"Casa à venda em Natal, Pitimbu",R$ 270.000,84,3,2,2
3,"Casa para Venda em Natal, Capim Macio, 4 dormitórios, 2 suítes, 4 banheiros, 4 vagas",R$ 600.000,400,4,4,4
4,"Vendo casa , natal RN bairro lagoa azul próximo ao arena canaã",R$ 12.000,100,,1,
5,Casa Padrão em Natal,R$ 395.000,147,+5,2,
6,"Casa para Venda em Natal, Ponta Negra, 2 dormitórios, 1 banheiro",R$ 900.000,67,2,1,
7,"Casa para Venda em Natal, Lagoa Nova, 4 dormitórios, 2 suítes, 4 banheiros, 3 vagas",R$ 485.000,250,4,4,3
8,"Casa para Venda em Natal, Neópolis, 3 dormitórios, 3 suítes, 4 banheiros, 3 vagas",R$ 580.000,171,3,4,3
9,"Casa para Venda em Natal, Pitimbu, 3 dormitórios, 1 banheiro, 2 vagas",R$ 300.000,250,3,1,2
10,"Casa para Venda em Natal, MORRO BRANCO, 4 dormitórios, 2 suítes, 4 banheiros, 2 vagas",R$ 395.000,132,4,4,2
11,Casa em Nova Natal,R$ 50.000,,1,1,
12,"Casa para Venda em Natal, Lagoa Nova, 3 dormitórios, 1 suíte, 3 banheiros, 2 vagas",R$ 690.000,282,3,3,2
13,Vende-se uma Linda Casa. Em NATAL RN,R$ 115.000,50,1,1,1
14,"Casa à venda - Natal, RN, Bairro Alecrim",R$ 350.000,120,3,2,1
15,"Casa para Venda em Natal, Lagoa Nova, 3 dormitórios, 1 suíte, 2 banheiros, 2 vagas",R$ 390.000,115,3,2,2
16,"Casa para Venda em Natal, Ponta Negra, 3 dormitórios, 3 suítes, 4 banheiros, 3 vagas",R$ 495.000,116,3,4,3
17,"Casa para Venda em Natal, Ponta Negra, 2 dormitórios, 1 banheiro",R$ 180.000,90,2,1,
18,"Casa para Venda em Natal, Ponta Negra, 2 dormitórios, 1 banheiro, 3 vagas",R$ 140.000,48,2,1,3
19,"Casa para Venda em Natal, Ponta Negra, 4 dormitórios, 2 suítes, 5 banheiros, 10 vagas",R$ 650.000,210,4,+5,+5
20,Casa Padrão em Natal,R$ 185.000,174,2,1,1
21,Vendo ou alugo casa no nova natal (zona norte),R$ 150.000,100,3,2,1
22,Casa Padrão em Natal,R$ 125.000,93,3,2,1
23,"Casa à Venda em Natal-RN, Bairro Capim Macio - 4 Quartos, 2 Suítes, 2 Salas, 267m²!",R$ 920.000,267,4,2,
24,Casa em Natal/RN na praia de ponta negra.,R$ 850.000,157,4,3,+5
25,"Casa para Venda em Natal, Capim Macio, 3 dormitórios, 2 suítes, 3 banheiros, 4 vagas",R$ 1.100.000,380,3,3,4
26,"Casa para Venda em Natal, Lagoa Nova, 3 dormitórios, 1 suíte, 2 banheiros, 1 vaga",R$ 450.000,141,3,2,1
27,"Casa para Venda em Natal, Capim Macio, 3 dormitórios, 2 suítes, 4 banheiros, 3 vagas",R$ 850.000,196,3,4,3
28,Casa em Natal: Perfeita Para Sua Família,R$ 400.000,180,4,3,1
29,"Casa à venda em Natal, Barro Vermelho, com 3 quartos, com 192 m²",R$ 580.000,192,3,3,4
30,"Casa à venda em Natal, Capim Macio, com 3 quartos, com 370 m²",R$ 700.000,370,3,3,2
31,"Casa à venda em Natal, Lagoa Nova, com 3 quartos, com 200 m²",R$ 550.000,200,3,4,2
32,"Casa à venda em Natal, Lagoa Nova, com 4 quartos, com 276 m²",R$ 550.000,276,4,2,4
33,"Casa à venda em Natal, Pitimbu, com 3 suítes, com 170 m²",R$ 295.000,170,3,4,2
34,"Casa à venda em Natal, Ponta Negra, com 4 quartos, com 250 m²",R$ 400.000,250,4,3,2
35,"Casa à venda em Natal, Capim Macio, com 3 suítes, com 450 m²",R$ 1.180.000,450,3,+5,4
36,"Casa à venda em Natal, Capim Macio, com 6 quartos, com 326 m²",R$ 840.000,326,+5,+5,4
37,"Casa à venda em Natal, Capim Macio, com 4 suítes, com 400 m²",R$ 670.000,400,4,+5,+5
38,"Casa à venda em Natal, Tirol, com 3 quartos, com 201 m²",R$ 600.000,201,3,3,+5
39,"Casa à venda em Natal, Capim Macio, com 3 quartos, com 150 m²",R$ 380.000,150,3,2,2
40,"Casa à venda em Natal, Capim Macio, com 6 quartos, com 400 m²",R$ 700.000,400,+5,4,3
41,"Casa à venda em Natal, Lagoa Nova, com 3 quartos, com 162 m²",R$ 650.000,162,3,4,
42,"Casa à venda em Natal, Lagoa Nova, com 2 suítes, com 142 m²",R$ 390.000,142,2,3,1
43,"Casa à venda em Natal, Capim Macio, com 5 quartos, com 949 m²",R$ 1.300.000,949,+5,+5,+5
44,"Casa à venda em Natal, Ponta Negra, com 4 quartos, com 120 m²",R$ 440.000,120,4,3,1
45,"Casa à venda em Natal, Pitimbu, com 3 quartos, com 360 m²",R$ 270.000,360,3,1,4
46,"Casa à venda em Natal, Lagoa Nova, com 3 quartos, com 275 m²",R$ 800.000,275,3,3,4
47,"Casa para Venda em Natal, Tirol, 4 dormitórios, 3 suítes, 5 banheiros, 3 vagas",R$ 1.500.000,600,4,+5,3
48,Casa à Venda em Natal Bairro Nossa Senhora da Apresentação,R$ 270.000,90,4,2,1
49,"Casa para Venda em Natal, Lagoa Nova, 4 dormitórios, 2 suítes, 3 banheiros, 1 vaga",R$ 850.000,616,4,3,1
